image_name,message_id,channel_name,detected_object,confidence_score,image_category
10.jpg,10,CheMed123,none,0.0,other
11.jpg,11,CheMed123,clock,0.4272936284542084,other
13.jpg,13,CheMed123,hot dog,0.5038546919822693,other
13.jpg,13,CheMed123,donut,0.39899754524230957,other
13.jpg,13,CheMed123,hot dog,0.3097327649593353,other
13.jpg,13,CheMed123,donut,0.2969222366809845,other
13.jpg,13,CheMed123,hot dog,0.26365914940834045,other
13.jpg,13,CheMed123,hot dog,0.250239759683609,other
14.jpg,14,CheMed123,none,0.0,other
15.jpg,15,CheMed123,none,0.0,other
17.jpg,17,CheMed123,bottle,0.5259650349617004,product_display
17.jpg,17,CheMed123,bottle,0.49454933404922485,product_display
17.jpg,17,CheMed123,bottle,0.4317871928215027,product_display
17.jpg,17,CheMed123,bottle,0.3873794972896576,product_display
17.jpg,17,CheMed123,bottle,0.38497117161750793,product_display
17.jpg,17,CheMed123,bottle,0.3799237012863159,product_display
17.jpg,17,CheMed123,bottle,0.374876469373703,product_display
17.jpg,17,CheMed123,bottle,0.3264196515083313,product_display
17.jpg,17,CheMed123,bottle,0.2848581373691559,product_display
17.jpg,17,CheMed123,bottle,0.27928799390792847,product_display
17.jpg,17,CheMed123,bottle,0.27187925577163696,product_display
18.jpg,18,CheMed123,none,0.0,other
19.jpg,19,CheMed123,person,0.9401442408561707,lifestyle
19.jpg,19,CheMed123,person,0.9276632070541382,lifestyle
19.jpg,19,CheMed123,dining table,0.3616376519203186,lifestyle
19.jpg,19,CheMed123,dining table,0.32224997878074646,lifestyle
2.jpg,2,CheMed123,bottle,0.38718265295028687,product_display
20.jpg,20,CheMed123,person,0.9401442408561707,lifestyle
20.jpg,20,CheMed123,person,0.9276632070541382,lifestyle
20.jpg,20,CheMed123,dining table,0.3616376519203186,lifestyle
20.jpg,20,CheMed123,dining table,0.32224997878074646,lifestyle
21.jpg,21,CheMed123,bird,0.25255754590034485,other
22.jpg,22,CheMed123,stop sign,0.27750536799430847,other
23.jpg,23,CheMed123,cell phone,0.610697865486145,other
25.jpg,25,CheMed123,cell phone,0.8613103628158569,lifestyle
25.jpg,25,CheMed123,person,0.6283650398254395,lifestyle
26.jpg,26,CheMed123,person,0.8275559544563293,lifestyle
26.jpg,26,CheMed123,cup,0.4267362058162689,lifestyle
26.jpg,26,CheMed123,book,0.31771397590637207,lifestyle
26.jpg,26,CheMed123,book,0.31305059790611267,lifestyle
27.jpg,27,CheMed123,none,0.0,other
29.jpg,29,CheMed123,person,0.6185224652290344,lifestyle
29.jpg,29,CheMed123,surfboard,0.5944799780845642,lifestyle
29.jpg,29,CheMed123,person,0.527970552444458,lifestyle
29.jpg,29,CheMed123,person,0.2781943380832672,lifestyle
3.jpg,3,CheMed123,none,0.0,other
30.jpg,30,CheMed123,person,0.4139041602611542,lifestyle
31.jpg,31,CheMed123,bottle,0.5125073790550232,product_display
31.jpg,31,CheMed123,bottle,0.4973132312297821,product_display
31.jpg,31,CheMed123,bottle,0.43496695160865784,product_display
31.jpg,31,CheMed123,bottle,0.3880819082260132,product_display
31.jpg,31,CheMed123,bottle,0.3880271315574646,product_display
31.jpg,31,CheMed123,bottle,0.38319599628448486,product_display
31.jpg,31,CheMed123,bottle,0.37693241238594055,product_display
31.jpg,31,CheMed123,bottle,0.3327511250972748,product_display
31.jpg,31,CheMed123,bottle,0.2785998582839966,product_display
31.jpg,31,CheMed123,bottle,0.2762432098388672,product_display
31.jpg,31,CheMed123,bottle,0.2743058502674103,product_display
32.jpg,32,CheMed123,person,0.5881935954093933,lifestyle
33.jpg,33,CheMed123,orange,0.6712222695350647,other
33.jpg,33,CheMed123,orange,0.5760772228240967,other
33.jpg,33,CheMed123,book,0.27159297466278076,other
34.jpg,34,CheMed123,none,0.0,other
38.jpg,38,CheMed123,none,0.0,other
39.jpg,39,CheMed123,mouse,0.9113696217536926,other
39.jpg,39,CheMed123,mouse,0.9018739461898804,other
39.jpg,39,CheMed123,mouse,0.8929608464241028,other
39.jpg,39,CheMed123,mouse,0.6237649917602539,other
39.jpg,39,CheMed123,mouse,0.5940202474594116,other
39.jpg,39,CheMed123,mouse,0.5546790957450867,other
39.jpg,39,CheMed123,mouse,0.5261478424072266,other
39.jpg,39,CheMed123,mouse,0.41445061564445496,other
40.jpg,40,CheMed123,person,0.7191462516784668,lifestyle
40.jpg,40,CheMed123,person,0.6743711233139038,lifestyle
40.jpg,40,CheMed123,person,0.6338376402854919,lifestyle
40.jpg,40,CheMed123,person,0.5978044271469116,lifestyle
40.jpg,40,CheMed123,person,0.5868255496025085,lifestyle
40.jpg,40,CheMed123,person,0.5125870704650879,lifestyle
40.jpg,40,CheMed123,person,0.45207592844963074,lifestyle
40.jpg,40,CheMed123,person,0.43699124455451965,lifestyle
40.jpg,40,CheMed123,person,0.3316478729248047,lifestyle
40.jpg,40,CheMed123,person,0.33127015829086304,lifestyle
41.jpg,41,CheMed123,person,0.4210361838340759,lifestyle
43.jpg,43,CheMed123,person,0.8564761877059937,lifestyle
43.jpg,43,CheMed123,chair,0.2936415374279022,lifestyle
44.jpg,44,CheMed123,cell phone,0.9386716485023499,lifestyle
44.jpg,44,CheMed123,person,0.8479923009872437,lifestyle
45.jpg,45,CheMed123,scissors,0.6319935321807861,other
46.jpg,46,CheMed123,person,0.8272138833999634,lifestyle
46.jpg,46,CheMed123,person,0.47488096356391907,lifestyle
46.jpg,46,CheMed123,tv,0.3886367678642273,lifestyle
48.jpg,48,CheMed123,none,0.0,other
49.jpg,49,CheMed123,kite,0.6801514625549316,other
49.jpg,49,CheMed123,kite,0.40330350399017334,other
49.jpg,49,CheMed123,kite,0.34492671489715576,other
49.jpg,49,CheMed123,frisbee,0.32522204518318176,other
50.jpg,50,CheMed123,cake,0.29161056876182556,other
52.jpg,52,CheMed123,person,0.7039297223091125,lifestyle
52.jpg,52,CheMed123,person,0.6460769772529602,lifestyle
52.jpg,52,CheMed123,horse,0.6252716183662415,lifestyle
52.jpg,52,CheMed123,person,0.513064980506897,lifestyle
52.jpg,52,CheMed123,person,0.4309833347797394,lifestyle
52.jpg,52,CheMed123,person,0.3347775638103485,lifestyle
53.jpg,53,CheMed123,person,0.573768675327301,lifestyle
55.jpg,55,CheMed123,stop sign,0.3071293234825134,other
56.jpg,56,CheMed123,person,0.8329588770866394,lifestyle
58.jpg,58,CheMed123,bottle,0.41152629256248474,product_display
59.jpg,59,CheMed123,bottle,0.28661638498306274,product_display
60.jpg,60,CheMed123,none,0.0,other
64.jpg,64,CheMed123,person,0.6864548325538635,lifestyle
64.jpg,64,CheMed123,person,0.4401927888393402,lifestyle
64.jpg,64,CheMed123,banana,0.28093573451042175,lifestyle
64.jpg,64,CheMed123,remote,0.25620216131210327,lifestyle
67.jpg,67,CheMed123,stop sign,0.5792272090911865,other
67.jpg,67,CheMed123,book,0.2841630280017853,other
70.jpg,70,CheMed123,potted plant,0.924700140953064,lifestyle
70.jpg,70,CheMed123,person,0.844322144985199,lifestyle
70.jpg,70,CheMed123,book,0.4226498603820801,lifestyle
71.jpg,71,CheMed123,person,0.8835617899894714,lifestyle
71.jpg,71,CheMed123,person,0.8042728900909424,lifestyle
74.jpg,74,CheMed123,none,0.0,other
75.jpg,75,CheMed123,person,0.8353005647659302,lifestyle
76.jpg,76,CheMed123,person,0.8694229125976562,lifestyle
76.jpg,76,CheMed123,chair,0.2723304033279419,lifestyle
76.jpg,76,CheMed123,chair,0.25177425146102905,lifestyle
77.jpg,77,CheMed123,bottle,0.9558238387107849,product_display
77.jpg,77,CheMed123,bottle,0.9073092341423035,product_display
77.jpg,77,CheMed123,bottle,0.8960538506507874,product_display
77.jpg,77,CheMed123,bottle,0.8936647772789001,product_display
78.jpg,78,CheMed123,person,0.7698584198951721,lifestyle
78.jpg,78,CheMed123,person,0.35558605194091797,lifestyle
79.jpg,79,CheMed123,none,0.0,other
80.jpg,80,CheMed123,person,0.9279417395591736,promotional
80.jpg,80,CheMed123,bottle,0.7433301210403442,promotional
80.jpg,80,CheMed123,chair,0.5636420845985413,promotional
81.jpg,81,CheMed123,bottle,0.8817965388298035,product_display
81.jpg,81,CheMed123,bottle,0.8326680660247803,product_display
81.jpg,81,CheMed123,bottle,0.8216720223426819,product_display
81.jpg,81,CheMed123,bottle,0.8041247725486755,product_display
81.jpg,81,CheMed123,bottle,0.7617482542991638,product_display
82.jpg,82,CheMed123,bottle,0.8991732001304626,product_display
82.jpg,82,CheMed123,bottle,0.8424995541572571,product_display
82.jpg,82,CheMed123,bottle,0.7403751611709595,product_display
82.jpg,82,CheMed123,apple,0.4784528613090515,product_display
85.jpg,85,CheMed123,none,0.0,other
86.jpg,86,CheMed123,person,0.9013165235519409,lifestyle
86.jpg,86,CheMed123,refrigerator,0.3570445477962494,lifestyle
87.jpg,87,CheMed123,parking meter,0.27856072783470154,other
88.jpg,88,CheMed123,none,0.0,other
9.jpg,9,CheMed123,bottle,0.38718265295028687,product_display
90.jpg,90,CheMed123,book,0.30779942870140076,other
91.jpg,91,CheMed123,none,0.0,other
92.jpg,92,CheMed123,none,0.0,other
93.jpg,93,CheMed123,person,0.9076734185218811,lifestyle
94.jpg,94,CheMed123,cup,0.7408691048622131,lifestyle
94.jpg,94,CheMed123,person,0.475845068693161,lifestyle
94.jpg,94,CheMed123,cup,0.3855976164340973,lifestyle
95.jpg,95,CheMed123,person,0.868440568447113,lifestyle
95.jpg,95,CheMed123,person,0.49181684851646423,lifestyle
96.jpg,96,CheMed123,cup,0.3260035216808319,other
97.jpg,97,CheMed123,none,0.0,other
22747.jpg,22747,lobelia4cosmetics,bottle,0.4841199517250061,product_display
22747.jpg,22747,lobelia4cosmetics,dining table,0.29485949873924255,product_display
22748.jpg,22748,lobelia4cosmetics,bottle,0.5879693627357483,product_display
22748.jpg,22748,lobelia4cosmetics,bottle,0.3194347023963928,product_display
22749.jpg,22749,lobelia4cosmetics,none,0.0,other
22750.jpg,22750,lobelia4cosmetics,bottle,0.8308452367782593,product_display
22751.jpg,22751,lobelia4cosmetics,none,0.0,other
22752.jpg,22752,lobelia4cosmetics,none,0.0,other
22753.jpg,22753,lobelia4cosmetics,cell phone,0.31958022713661194,other
22754.jpg,22754,lobelia4cosmetics,none,0.0,other
22755.jpg,22755,lobelia4cosmetics,refrigerator,0.45795008540153503,other
22756.jpg,22756,lobelia4cosmetics,refrigerator,0.499969482421875,other
22757.jpg,22757,lobelia4cosmetics,refrigerator,0.3571476936340332,other
22758.jpg,22758,lobelia4cosmetics,bottle,0.5191170573234558,product_display
22759.jpg,22759,lobelia4cosmetics,none,0.0,other
22760.jpg,22760,lobelia4cosmetics,none,0.0,other
22761.jpg,22761,lobelia4cosmetics,none,0.0,other
22762.jpg,22762,lobelia4cosmetics,none,0.0,other
22763.jpg,22763,lobelia4cosmetics,none,0.0,other
22764.jpg,22764,lobelia4cosmetics,bottle,0.9044639468193054,product_display
22764.jpg,22764,lobelia4cosmetics,dining table,0.3380439281463623,product_display
22765.jpg,22765,lobelia4cosmetics,none,0.0,other
22766.jpg,22766,lobelia4cosmetics,parking meter,0.2554703652858734,other
22767.jpg,22767,lobelia4cosmetics,bottle,0.5707804560661316,product_display
22768.jpg,22768,lobelia4cosmetics,person,0.6241413354873657,lifestyle
22768.jpg,22768,lobelia4cosmetics,surfboard,0.3663443326950073,lifestyle
22769.jpg,22769,lobelia4cosmetics,person,0.6789198517799377,lifestyle
22769.jpg,22769,lobelia4cosmetics,stop sign,0.27186933159828186,lifestyle
22770.jpg,22770,lobelia4cosmetics,none,0.0,other
22771.jpg,22771,lobelia4cosmetics,none,0.0,other
22772.jpg,22772,lobelia4cosmetics,bottle,0.8075850009918213,product_display
22773.jpg,22773,lobelia4cosmetics,refrigerator,0.3583032786846161,other
22774.jpg,22774,lobelia4cosmetics,none,0.0,other
22775.jpg,22775,lobelia4cosmetics,none,0.0,other
22776.jpg,22776,lobelia4cosmetics,none,0.0,other
22777.jpg,22777,lobelia4cosmetics,none,0.0,other
22778.jpg,22778,lobelia4cosmetics,none,0.0,other
22779.jpg,22779,lobelia4cosmetics,hot dog,0.5860725045204163,other
22779.jpg,22779,lobelia4cosmetics,hot dog,0.5568983554840088,other
22779.jpg,22779,lobelia4cosmetics,hot dog,0.2664225399494171,other
22779.jpg,22779,lobelia4cosmetics,hot dog,0.2514393627643585,other
22780.jpg,22780,lobelia4cosmetics,none,0.0,other
22781.jpg,22781,lobelia4cosmetics,none,0.0,other
22782.jpg,22782,lobelia4cosmetics,none,0.0,other
22783.jpg,22783,lobelia4cosmetics,none,0.0,other
22784.jpg,22784,lobelia4cosmetics,person,0.28747162222862244,lifestyle
22785.jpg,22785,lobelia4cosmetics,book,0.293721079826355,other
22786.jpg,22786,lobelia4cosmetics,none,0.0,other
22787.jpg,22787,lobelia4cosmetics,hot dog,0.5860725045204163,other
22787.jpg,22787,lobelia4cosmetics,hot dog,0.5568983554840088,other
22787.jpg,22787,lobelia4cosmetics,hot dog,0.2664225399494171,other
22787.jpg,22787,lobelia4cosmetics,hot dog,0.2514393627643585,other
22788.jpg,22788,lobelia4cosmetics,none,0.0,other
22789.jpg,22789,lobelia4cosmetics,bottle,0.9156717658042908,product_display
22789.jpg,22789,lobelia4cosmetics,bottle,0.8188876509666443,product_display
22790.jpg,22790,lobelia4cosmetics,bottle,0.8690326809883118,product_display
22791.jpg,22791,lobelia4cosmetics,cell phone,0.46346771717071533,other
22792.jpg,22792,lobelia4cosmetics,none,0.0,other
22793.jpg,22793,lobelia4cosmetics,bottle,0.8699761033058167,product_display
22794.jpg,22794,lobelia4cosmetics,bottle,0.4841199517250061,product_display
22794.jpg,22794,lobelia4cosmetics,dining table,0.29485949873924255,product_display
22795.jpg,22795,lobelia4cosmetics,bottle,0.6552395224571228,product_display
22795.jpg,22795,lobelia4cosmetics,bottle,0.6378848552703857,product_display
22795.jpg,22795,lobelia4cosmetics,bottle,0.6188614964485168,product_display
22795.jpg,22795,lobelia4cosmetics,bottle,0.6081476211547852,product_display
22795.jpg,22795,lobelia4cosmetics,bottle,0.6053599119186401,product_display
22795.jpg,22795,lobelia4cosmetics,bottle,0.5932108163833618,product_display
22795.jpg,22795,lobelia4cosmetics,bottle,0.5883391499519348,product_display
22795.jpg,22795,lobelia4cosmetics,bottle,0.5690006017684937,product_display
22795.jpg,22795,lobelia4cosmetics,bottle,0.5683810710906982,product_display
22795.jpg,22795,lobelia4cosmetics,bottle,0.5624142289161682,product_display
22795.jpg,22795,lobelia4cosmetics,bottle,0.5368716716766357,product_display
22795.jpg,22795,lobelia4cosmetics,bottle,0.5203357934951782,product_display
22795.jpg,22795,lobelia4cosmetics,bottle,0.5048399567604065,product_display
22795.jpg,22795,lobelia4cosmetics,bottle,0.49132615327835083,product_display
22795.jpg,22795,lobelia4cosmetics,bottle,0.49017465114593506,product_display
22795.jpg,22795,lobelia4cosmetics,bottle,0.4898833632469177,product_display
22795.jpg,22795,lobelia4cosmetics,bottle,0.4855881929397583,product_display
22795.jpg,22795,lobelia4cosmetics,bottle,0.4419182538986206,product_display
22795.jpg,22795,lobelia4cosmetics,bottle,0.4392974376678467,product_display
22795.jpg,22795,lobelia4cosmetics,bottle,0.38871628046035767,product_display
22795.jpg,22795,lobelia4cosmetics,bottle,0.33974921703338623,product_display
22795.jpg,22795,lobelia4cosmetics,bottle,0.3238232135772705,product_display
22795.jpg,22795,lobelia4cosmetics,bottle,0.31539681553840637,product_display
22795.jpg,22795,lobelia4cosmetics,bottle,0.29658401012420654,product_display
22795.jpg,22795,lobelia4cosmetics,bottle,0.28513476252555847,product_display
22796.jpg,22796,lobelia4cosmetics,bottle,0.8551762104034424,product_display
22796.jpg,22796,lobelia4cosmetics,bottle,0.7980882525444031,product_display
22796.jpg,22796,lobelia4cosmetics,bottle,0.7762734889984131,product_display
22796.jpg,22796,lobelia4cosmetics,bottle,0.670087456703186,product_display
22796.jpg,22796,lobelia4cosmetics,bottle,0.6243575811386108,product_display
22796.jpg,22796,lobelia4cosmetics,bottle,0.5701359510421753,product_display
22797.jpg,22797,lobelia4cosmetics,suitcase,0.32225194573402405,other
22798.jpg,22798,lobelia4cosmetics,oven,0.25304141640663147,other
22799.jpg,22799,lobelia4cosmetics,bottle,0.501695454120636,product_display
22800.jpg,22800,lobelia4cosmetics,none,0.0,other
22801.jpg,22801,lobelia4cosmetics,none,0.0,other
22802.jpg,22802,lobelia4cosmetics,none,0.0,other
22803.jpg,22803,lobelia4cosmetics,none,0.0,other
22804.jpg,22804,lobelia4cosmetics,bottle,0.7991389632225037,product_display
22804.jpg,22804,lobelia4cosmetics,bottle,0.4543624222278595,product_display
22804.jpg,22804,lobelia4cosmetics,bottle,0.38692212104797363,product_display
22804.jpg,22804,lobelia4cosmetics,bottle,0.3355228900909424,product_display
22804.jpg,22804,lobelia4cosmetics,bottle,0.29000765085220337,product_display
22804.jpg,22804,lobelia4cosmetics,bottle,0.2832334041595459,product_display
22804.jpg,22804,lobelia4cosmetics,bottle,0.2718520164489746,product_display
22804.jpg,22804,lobelia4cosmetics,bottle,0.2536514699459076,product_display
22805.jpg,22805,lobelia4cosmetics,none,0.0,other
22806.jpg,22806,lobelia4cosmetics,cup,0.269523561000824,other
22806.jpg,22806,lobelia4cosmetics,book,0.2602480947971344,other
22807.jpg,22807,lobelia4cosmetics,bottle,0.9407469630241394,product_display
22807.jpg,22807,lobelia4cosmetics,bottle,0.3719644844532013,product_display
22807.jpg,22807,lobelia4cosmetics,bottle,0.3689000904560089,product_display
22807.jpg,22807,lobelia4cosmetics,bottle,0.33920976519584656,product_display
22807.jpg,22807,lobelia4cosmetics,bottle,0.32056450843811035,product_display
22807.jpg,22807,lobelia4cosmetics,bottle,0.29432806372642517,product_display
22807.jpg,22807,lobelia4cosmetics,bottle,0.2571009695529938,product_display
22808.jpg,22808,lobelia4cosmetics,none,0.0,other
22809.jpg,22809,lobelia4cosmetics,none,0.0,other
22810.jpg,22810,lobelia4cosmetics,none,0.0,other
22811.jpg,22811,lobelia4cosmetics,none,0.0,other
22812.jpg,22812,lobelia4cosmetics,none,0.0,other
22813.jpg,22813,lobelia4cosmetics,none,0.0,other
22814.jpg,22814,lobelia4cosmetics,bottle,0.2802514433860779,product_display
22815.jpg,22815,lobelia4cosmetics,bottle,0.5791776776313782,product_display
22816.jpg,22816,lobelia4cosmetics,bottle,0.422213077545166,product_display
22817.jpg,22817,lobelia4cosmetics,bottle,0.9407609105110168,product_display
22817.jpg,22817,lobelia4cosmetics,bottle,0.40567681193351746,product_display
22818.jpg,22818,lobelia4cosmetics,bottle,0.9543538093566895,product_display
22818.jpg,22818,lobelia4cosmetics,bottle,0.347308486700058,product_display
22819.jpg,22819,lobelia4cosmetics,bottle,0.8416873812675476,product_display
22820.jpg,22820,lobelia4cosmetics,bottle,0.735706627368927,product_display
22820.jpg,22820,lobelia4cosmetics,bottle,0.43583735823631287,product_display
22820.jpg,22820,lobelia4cosmetics,bottle,0.42845964431762695,product_display
22820.jpg,22820,lobelia4cosmetics,bottle,0.41527533531188965,product_display
22820.jpg,22820,lobelia4cosmetics,bottle,0.3795345723628998,product_display
22821.jpg,22821,lobelia4cosmetics,bottle,0.9070143103599548,product_display
22822.jpg,22822,lobelia4cosmetics,none,0.0,other
22823.jpg,22823,lobelia4cosmetics,none,0.0,other
22824.jpg,22824,lobelia4cosmetics,bottle,0.9318896532058716,product_display
22825.jpg,22825,lobelia4cosmetics,none,0.0,other
22826.jpg,22826,lobelia4cosmetics,bottle,0.5707804560661316,product_display
22827.jpg,22827,lobelia4cosmetics,bottle,0.501695454120636,product_display
22828.jpg,22828,lobelia4cosmetics,bottle,0.47455108165740967,product_display
22829.jpg,22829,lobelia4cosmetics,none,0.0,other
22830.jpg,22830,lobelia4cosmetics,none,0.0,other
22831.jpg,22831,lobelia4cosmetics,bottle,0.27559399604797363,product_display
22832.jpg,22832,lobelia4cosmetics,none,0.0,other
22833.jpg,22833,lobelia4cosmetics,none,0.0,other
22834.jpg,22834,lobelia4cosmetics,bottle,0.5191170573234558,product_display
22835.jpg,22835,lobelia4cosmetics,none,0.0,other
22836.jpg,22836,lobelia4cosmetics,cell phone,0.31958022713661194,other
22837.jpg,22837,lobelia4cosmetics,none,0.0,other
22838.jpg,22838,lobelia4cosmetics,none,0.0,other
22839.jpg,22839,lobelia4cosmetics,bottle,0.9044639468193054,product_display
22839.jpg,22839,lobelia4cosmetics,dining table,0.3380439281463623,product_display
22840.jpg,22840,lobelia4cosmetics,person,0.7900386452674866,promotional
22840.jpg,22840,lobelia4cosmetics,person,0.3781149983406067,promotional
22840.jpg,22840,lobelia4cosmetics,bottle,0.35652267932891846,promotional
22841.jpg,22841,lobelia4cosmetics,none,0.0,other
22842.jpg,22842,lobelia4cosmetics,bottle,0.7326324582099915,product_display
22843.jpg,22843,lobelia4cosmetics,bottle,0.3064354658126831,product_display
22843.jpg,22843,lobelia4cosmetics,book,0.26738953590393066,product_display
22844.jpg,22844,lobelia4cosmetics,person,0.7900386452674866,promotional
22844.jpg,22844,lobelia4cosmetics,person,0.3781149983406067,promotional
22844.jpg,22844,lobelia4cosmetics,bottle,0.35652267932891846,promotional
22845.jpg,22845,lobelia4cosmetics,none,0.0,other
22846.jpg,22846,lobelia4cosmetics,person,0.4573270380496979,lifestyle
22846.jpg,22846,lobelia4cosmetics,book,0.31845080852508545,lifestyle
22847.jpg,22847,lobelia4cosmetics,bottle,0.8006815314292908,product_display
22848.jpg,22848,lobelia4cosmetics,person,0.5967599749565125,lifestyle
22848.jpg,22848,lobelia4cosmetics,person,0.3250137269496918,lifestyle
22849.jpg,22849,lobelia4cosmetics,none,0.0,other
22850.jpg,22850,lobelia4cosmetics,none,0.0,other
22851.jpg,22851,lobelia4cosmetics,bottle,0.5879693627357483,product_display
22851.jpg,22851,lobelia4cosmetics,bottle,0.3194347023963928,product_display
22852.jpg,22852,lobelia4cosmetics,none,0.0,other
22853.jpg,22853,lobelia4cosmetics,none,0.0,other
22854.jpg,22854,lobelia4cosmetics,none,0.0,other
22855.jpg,22855,lobelia4cosmetics,none,0.0,other
22856.jpg,22856,lobelia4cosmetics,none,0.0,other
22857.jpg,22857,lobelia4cosmetics,bottle,0.501695454120636,product_display
22858.jpg,22858,lobelia4cosmetics,none,0.0,other
22859.jpg,22859,lobelia4cosmetics,bottle,0.5791776776313782,product_display
22860.jpg,22860,lobelia4cosmetics,bottle,0.38477855920791626,product_display
22861.jpg,22861,lobelia4cosmetics,person,0.5967599749565125,lifestyle
22861.jpg,22861,lobelia4cosmetics,person,0.3250137269496918,lifestyle
22862.jpg,22862,lobelia4cosmetics,bottle,0.9318896532058716,product_display
22863.jpg,22863,lobelia4cosmetics,bottle,0.9044639468193054,product_display
22863.jpg,22863,lobelia4cosmetics,dining table,0.3380439281463623,product_display
22864.jpg,22864,lobelia4cosmetics,dining table,0.2931026518344879,other
22865.jpg,22865,lobelia4cosmetics,bottle,0.7241195440292358,product_display
22866.jpg,22866,lobelia4cosmetics,none,0.0,other
22867.jpg,22867,lobelia4cosmetics,book,0.2753816545009613,other
22868.jpg,22868,lobelia4cosmetics,bottle,0.2802514433860779,product_display
22869.jpg,22869,lobelia4cosmetics,none,0.0,other
22870.jpg,22870,lobelia4cosmetics,bottle,0.5707804560661316,product_display
22871.jpg,22871,lobelia4cosmetics,book,0.35020118951797485,product_display
22871.jpg,22871,lobelia4cosmetics,bottle,0.26285794377326965,product_display
22872.jpg,22872,lobelia4cosmetics,bottle,0.9156717658042908,product_display
22872.jpg,22872,lobelia4cosmetics,bottle,0.8188876509666443,product_display
22873.jpg,22873,lobelia4cosmetics,bottle,0.8690326809883118,product_display
22874.jpg,22874,lobelia4cosmetics,cell phone,0.46346771717071533,other
22875.jpg,22875,lobelia4cosmetics,none,0.0,other
22876.jpg,22876,lobelia4cosmetics,bottle,0.5707804560661316,product_display
22877.jpg,22877,lobelia4cosmetics,none,0.0,other
22878.jpg,22878,lobelia4cosmetics,none,0.0,other
22879.jpg,22879,lobelia4cosmetics,person,0.6241413354873657,lifestyle
22879.jpg,22879,lobelia4cosmetics,surfboard,0.3663443326950073,lifestyle
22880.jpg,22880,lobelia4cosmetics,none,0.0,other
22881.jpg,22881,lobelia4cosmetics,none,0.0,other
22882.jpg,22882,lobelia4cosmetics,bottle,0.8308452367782593,product_display
22883.jpg,22883,lobelia4cosmetics,none,0.0,other
22884.jpg,22884,lobelia4cosmetics,teddy bear,0.3179367184638977,other
22885.jpg,22885,lobelia4cosmetics,none,0.0,other
22886.jpg,22886,lobelia4cosmetics,none,0.0,other
22887.jpg,22887,lobelia4cosmetics,none,0.0,other
22888.jpg,22888,lobelia4cosmetics,none,0.0,other
22889.jpg,22889,lobelia4cosmetics,bottle,0.8699761033058167,product_display
22890.jpg,22890,lobelia4cosmetics,bottle,0.4841199517250061,product_display
22890.jpg,22890,lobelia4cosmetics,dining table,0.29485949873924255,product_display
22891.jpg,22891,lobelia4cosmetics,bottle,0.5879693627357483,product_display
22891.jpg,22891,lobelia4cosmetics,bottle,0.3194347023963928,product_display
22892.jpg,22892,lobelia4cosmetics,parking meter,0.2554703652858734,other
22893.jpg,22893,lobelia4cosmetics,person,0.6241413354873657,lifestyle
22893.jpg,22893,lobelia4cosmetics,surfboard,0.3663443326950073,lifestyle
22894.jpg,22894,lobelia4cosmetics,person,0.6789198517799377,lifestyle
22894.jpg,22894,lobelia4cosmetics,stop sign,0.27186933159828186,lifestyle
22895.jpg,22895,lobelia4cosmetics,none,0.0,other
22896.jpg,22896,lobelia4cosmetics,bottle,0.6552395224571228,product_display
22896.jpg,22896,lobelia4cosmetics,bottle,0.6378848552703857,product_display
22896.jpg,22896,lobelia4cosmetics,bottle,0.6188614964485168,product_display
22896.jpg,22896,lobelia4cosmetics,bottle,0.6081476211547852,product_display
22896.jpg,22896,lobelia4cosmetics,bottle,0.6053599119186401,product_display
22896.jpg,22896,lobelia4cosmetics,bottle,0.5932108163833618,product_display
22896.jpg,22896,lobelia4cosmetics,bottle,0.5883391499519348,product_display
22896.jpg,22896,lobelia4cosmetics,bottle,0.5690006017684937,product_display
22896.jpg,22896,lobelia4cosmetics,bottle,0.5683810710906982,product_display
22896.jpg,22896,lobelia4cosmetics,bottle,0.5624142289161682,product_display
22896.jpg,22896,lobelia4cosmetics,bottle,0.5368716716766357,product_display
22896.jpg,22896,lobelia4cosmetics,bottle,0.5203357934951782,product_display
22896.jpg,22896,lobelia4cosmetics,bottle,0.5048399567604065,product_display
22896.jpg,22896,lobelia4cosmetics,bottle,0.49132615327835083,product_display
22896.jpg,22896,lobelia4cosmetics,bottle,0.49017465114593506,product_display
22896.jpg,22896,lobelia4cosmetics,bottle,0.4898833632469177,product_display
22896.jpg,22896,lobelia4cosmetics,bottle,0.4855881929397583,product_display
22896.jpg,22896,lobelia4cosmetics,bottle,0.4419182538986206,product_display
22896.jpg,22896,lobelia4cosmetics,bottle,0.4392974376678467,product_display
22896.jpg,22896,lobelia4cosmetics,bottle,0.38871628046035767,product_display
22896.jpg,22896,lobelia4cosmetics,bottle,0.33974921703338623,product_display
22896.jpg,22896,lobelia4cosmetics,bottle,0.3238232135772705,product_display
22896.jpg,22896,lobelia4cosmetics,bottle,0.31539681553840637,product_display
22896.jpg,22896,lobelia4cosmetics,bottle,0.29658401012420654,product_display
22896.jpg,22896,lobelia4cosmetics,bottle,0.28513476252555847,product_display
22897.jpg,22897,lobelia4cosmetics,bottle,0.8551762104034424,product_display
22897.jpg,22897,lobelia4cosmetics,bottle,0.7980882525444031,product_display
22897.jpg,22897,lobelia4cosmetics,bottle,0.7762734889984131,product_display
22897.jpg,22897,lobelia4cosmetics,bottle,0.670087456703186,product_display
22897.jpg,22897,lobelia4cosmetics,bottle,0.6243575811386108,product_display
22897.jpg,22897,lobelia4cosmetics,bottle,0.5701359510421753,product_display
22898.jpg,22898,lobelia4cosmetics,suitcase,0.32225194573402405,other
22899.jpg,22899,lobelia4cosmetics,oven,0.25304141640663147,other
22900.jpg,22900,lobelia4cosmetics,none,0.0,other
22901.jpg,22901,lobelia4cosmetics,bottle,0.5191170573234558,product_display
22902.jpg,22902,lobelia4cosmetics,none,0.0,other
22903.jpg,22903,lobelia4cosmetics,none,0.0,other
22904.jpg,22904,lobelia4cosmetics,bottle,0.5879693627357483,product_display
22904.jpg,22904,lobelia4cosmetics,bottle,0.3194347023963928,product_display
22905.jpg,22905,lobelia4cosmetics,none,0.0,other
22906.jpg,22906,lobelia4cosmetics,none,0.0,other
22907.jpg,22907,lobelia4cosmetics,refrigerator,0.4816795289516449,other
22908.jpg,22908,lobelia4cosmetics,orange,0.6904139518737793,other
22908.jpg,22908,lobelia4cosmetics,orange,0.5979145169258118,other
22908.jpg,22908,lobelia4cosmetics,apple,0.34247004985809326,other
22908.jpg,22908,lobelia4cosmetics,cup,0.27169644832611084,other
22909.jpg,22909,lobelia4cosmetics,parking meter,0.2554703652858734,other
22910.jpg,22910,lobelia4cosmetics,none,0.0,other
22911.jpg,22911,lobelia4cosmetics,bottle,0.5707804560661316,product_display
22912.jpg,22912,lobelia4cosmetics,none,0.0,other
22913.jpg,22913,lobelia4cosmetics,none,0.0,other
22914.jpg,22914,lobelia4cosmetics,bottle,0.501695454120636,product_display
22915.jpg,22915,lobelia4cosmetics,cell phone,0.31958022713661194,other
22916.jpg,22916,lobelia4cosmetics,person,0.6241413354873657,lifestyle
22916.jpg,22916,lobelia4cosmetics,surfboard,0.3663443326950073,lifestyle
22917.jpg,22917,lobelia4cosmetics,person,0.6789198517799377,lifestyle
22917.jpg,22917,lobelia4cosmetics,stop sign,0.27186933159828186,lifestyle
22918.jpg,22918,lobelia4cosmetics,clock,0.27008143067359924,other
22919.jpg,22919,lobelia4cosmetics,cake,0.5485907196998596,other
22920.jpg,22920,lobelia4cosmetics,bottle,0.901940643787384,product_display
22921.jpg,22921,lobelia4cosmetics,bottle,0.8162502646446228,product_display
22921.jpg,22921,lobelia4cosmetics,bottle,0.46338772773742676,product_display
22922.jpg,22922,lobelia4cosmetics,bottle,0.35074251890182495,product_display
22923.jpg,22923,lobelia4cosmetics,none,0.0,other
22924.jpg,22924,lobelia4cosmetics,none,0.0,other
22925.jpg,22925,lobelia4cosmetics,none,0.0,other
22926.jpg,22926,lobelia4cosmetics,none,0.0,other
22927.jpg,22927,lobelia4cosmetics,none,0.0,other
22928.jpg,22928,lobelia4cosmetics,bottle,0.8699761033058167,product_display
22929.jpg,22929,lobelia4cosmetics,bottle,0.4841199517250061,product_display
22929.jpg,22929,lobelia4cosmetics,dining table,0.29485949873924255,product_display
22930.jpg,22930,lobelia4cosmetics,parking meter,0.2554703652858734,other
22931.jpg,22931,lobelia4cosmetics,person,0.6241413354873657,lifestyle
22931.jpg,22931,lobelia4cosmetics,surfboard,0.3663443326950073,lifestyle
22932.jpg,22932,lobelia4cosmetics,none,0.0,other
22933.jpg,22933,lobelia4cosmetics,none,0.0,other
22934.jpg,22934,lobelia4cosmetics,bottle,0.5879693627357483,product_display
22934.jpg,22934,lobelia4cosmetics,bottle,0.3194347023963928,product_display
22935.jpg,22935,lobelia4cosmetics,none,0.0,other
22936.jpg,22936,lobelia4cosmetics,refrigerator,0.4816795289516449,other
22937.jpg,22937,lobelia4cosmetics,orange,0.6904139518737793,other
22937.jpg,22937,lobelia4cosmetics,orange,0.5979145169258118,other
22937.jpg,22937,lobelia4cosmetics,apple,0.34247004985809326,other
22937.jpg,22937,lobelia4cosmetics,cup,0.27169644832611084,other
22938.jpg,22938,lobelia4cosmetics,none,0.0,other
22939.jpg,22939,lobelia4cosmetics,clock,0.27008143067359924,other
22940.jpg,22940,lobelia4cosmetics,bottle,0.4220960736274719,product_display
22940.jpg,22940,lobelia4cosmetics,apple,0.30852752923965454,product_display
22940.jpg,22940,lobelia4cosmetics,apple,0.28229227662086487,product_display
22941.jpg,22941,lobelia4cosmetics,bottle,0.9329294562339783,product_display
22942.jpg,22942,lobelia4cosmetics,bottle,0.901940643787384,product_display
22943.jpg,22943,lobelia4cosmetics,bottle,0.8162502646446228,product_display
22943.jpg,22943,lobelia4cosmetics,bottle,0.46338772773742676,product_display
22944.jpg,22944,lobelia4cosmetics,bottle,0.35074251890182495,product_display
22945.jpg,22945,lobelia4cosmetics,none,0.0,other
22946.jpg,22946,lobelia4cosmetics,none,0.0,other
188585.jpg,188585,tikvahpharma,none,0.0,other
188607.jpg,188607,tikvahpharma,bottle,0.6094396114349365,product_display
188607.jpg,188607,tikvahpharma,tv,0.42512810230255127,product_display
188607.jpg,188607,tikvahpharma,bottle,0.3038632571697235,product_display
188627.jpg,188627,tikvahpharma,person,0.8411006331443787,lifestyle
188627.jpg,188627,tikvahpharma,person,0.6812329292297363,lifestyle
188640.jpg,188640,tikvahpharma,bottle,0.7155637145042419,product_display
188640.jpg,188640,tikvahpharma,bottle,0.5736801624298096,product_display
188640.jpg,188640,tikvahpharma,bottle,0.5660501718521118,product_display
188640.jpg,188640,tikvahpharma,refrigerator,0.5293634533882141,product_display
188640.jpg,188640,tikvahpharma,bottle,0.5242188572883606,product_display
188640.jpg,188640,tikvahpharma,bottle,0.5141347646713257,product_display
188640.jpg,188640,tikvahpharma,bottle,0.4459749162197113,product_display
188640.jpg,188640,tikvahpharma,bottle,0.4349454641342163,product_display
188640.jpg,188640,tikvahpharma,bottle,0.40731051564216614,product_display
188640.jpg,188640,tikvahpharma,bottle,0.4062907099723816,product_display
188640.jpg,188640,tikvahpharma,bottle,0.39240309596061707,product_display
188640.jpg,188640,tikvahpharma,bottle,0.3764137029647827,product_display
188640.jpg,188640,tikvahpharma,bottle,0.37218785285949707,product_display
188640.jpg,188640,tikvahpharma,bottle,0.32826653122901917,product_display
188640.jpg,188640,tikvahpharma,bottle,0.3277135491371155,product_display
188640.jpg,188640,tikvahpharma,bottle,0.31428781151771545,product_display
188640.jpg,188640,tikvahpharma,bottle,0.3072517514228821,product_display
188640.jpg,188640,tikvahpharma,bottle,0.30147361755371094,product_display
188640.jpg,188640,tikvahpharma,bottle,0.2963957190513611,product_display
188640.jpg,188640,tikvahpharma,bottle,0.2871839702129364,product_display
188640.jpg,188640,tikvahpharma,bottle,0.281659871339798,product_display
188640.jpg,188640,tikvahpharma,bottle,0.2729271948337555,product_display
188710.jpg,188710,tikvahpharma,laptop,0.6149017214775085,lifestyle
188710.jpg,188710,tikvahpharma,tv,0.46697789430618286,lifestyle
188710.jpg,188710,tikvahpharma,person,0.4596092700958252,lifestyle
188750.jpg,188750,tikvahpharma,suitcase,0.3379404842853546,other
188764.jpg,188764,tikvahpharma,none,0.0,other
188765.jpg,188765,tikvahpharma,scissors,0.9073540568351746,other
188765.jpg,188765,tikvahpharma,scissors,0.6267318725585938,other
188765.jpg,188765,tikvahpharma,scissors,0.5577218532562256,other
188778.jpg,188778,tikvahpharma,person,0.7323750853538513,lifestyle
188778.jpg,188778,tikvahpharma,person,0.7130489349365234,lifestyle
188778.jpg,188778,tikvahpharma,person,0.6111778020858765,lifestyle
188778.jpg,188778,tikvahpharma,person,0.6103180646896362,lifestyle
188778.jpg,188778,tikvahpharma,person,0.5295224785804749,lifestyle
188778.jpg,188778,tikvahpharma,person,0.5139704346656799,lifestyle
188778.jpg,188778,tikvahpharma,person,0.4786026179790497,lifestyle
188778.jpg,188778,tikvahpharma,person,0.4503019154071808,lifestyle
188778.jpg,188778,tikvahpharma,person,0.4028542637825012,lifestyle
188778.jpg,188778,tikvahpharma,person,0.4018424153327942,lifestyle
188778.jpg,188778,tikvahpharma,person,0.39772409200668335,lifestyle
188778.jpg,188778,tikvahpharma,person,0.37155163288116455,lifestyle
188778.jpg,188778,tikvahpharma,person,0.3473997116088867,lifestyle
188778.jpg,188778,tikvahpharma,person,0.3040214776992798,lifestyle
188778.jpg,188778,tikvahpharma,person,0.2778269946575165,lifestyle
188778.jpg,188778,tikvahpharma,person,0.2662907540798187,lifestyle
188807.jpg,188807,tikvahpharma,none,0.0,other
188810.jpg,188810,tikvahpharma,bottle,0.7155637145042419,product_display
188810.jpg,188810,tikvahpharma,bottle,0.5736801624298096,product_display
188810.jpg,188810,tikvahpharma,bottle,0.5660501718521118,product_display
188810.jpg,188810,tikvahpharma,refrigerator,0.5293634533882141,product_display
188810.jpg,188810,tikvahpharma,bottle,0.5242188572883606,product_display
188810.jpg,188810,tikvahpharma,bottle,0.5141347646713257,product_display
188810.jpg,188810,tikvahpharma,bottle,0.4459749162197113,product_display
188810.jpg,188810,tikvahpharma,bottle,0.4349454641342163,product_display
188810.jpg,188810,tikvahpharma,bottle,0.40731051564216614,product_display
188810.jpg,188810,tikvahpharma,bottle,0.4062907099723816,product_display
188810.jpg,188810,tikvahpharma,bottle,0.39240309596061707,product_display
188810.jpg,188810,tikvahpharma,bottle,0.3764137029647827,product_display
188810.jpg,188810,tikvahpharma,bottle,0.37218785285949707,product_display
188810.jpg,188810,tikvahpharma,bottle,0.32826653122901917,product_display
188810.jpg,188810,tikvahpharma,bottle,0.3277135491371155,product_display
188810.jpg,188810,tikvahpharma,bottle,0.31428781151771545,product_display
188810.jpg,188810,tikvahpharma,bottle,0.3072517514228821,product_display
188810.jpg,188810,tikvahpharma,bottle,0.30147361755371094,product_display
188810.jpg,188810,tikvahpharma,bottle,0.2963957190513611,product_display
188810.jpg,188810,tikvahpharma,bottle,0.2871839702129364,product_display
188810.jpg,188810,tikvahpharma,bottle,0.281659871339798,product_display
188810.jpg,188810,tikvahpharma,bottle,0.2729271948337555,product_display
188833.jpg,188833,tikvahpharma,person,0.8240882158279419,lifestyle
188833.jpg,188833,tikvahpharma,person,0.767316997051239,lifestyle
188833.jpg,188833,tikvahpharma,person,0.6868727803230286,lifestyle
188833.jpg,188833,tikvahpharma,clock,0.6471428871154785,lifestyle
188834.jpg,188834,tikvahpharma,refrigerator,0.5246832966804504,other
188868.jpg,188868,tikvahpharma,bottle,0.7155637145042419,product_display
188868.jpg,188868,tikvahpharma,bottle,0.5736801624298096,product_display
188868.jpg,188868,tikvahpharma,bottle,0.5660501718521118,product_display
188868.jpg,188868,tikvahpharma,refrigerator,0.5293634533882141,product_display
188868.jpg,188868,tikvahpharma,bottle,0.5242188572883606,product_display
188868.jpg,188868,tikvahpharma,bottle,0.5141347646713257,product_display
188868.jpg,188868,tikvahpharma,bottle,0.4459749162197113,product_display
188868.jpg,188868,tikvahpharma,bottle,0.4349454641342163,product_display
188868.jpg,188868,tikvahpharma,bottle,0.40731051564216614,product_display
188868.jpg,188868,tikvahpharma,bottle,0.4062907099723816,product_display
188868.jpg,188868,tikvahpharma,bottle,0.39240309596061707,product_display
188868.jpg,188868,tikvahpharma,bottle,0.3764137029647827,product_display
188868.jpg,188868,tikvahpharma,bottle,0.37218785285949707,product_display
188868.jpg,188868,tikvahpharma,bottle,0.32826653122901917,product_display
188868.jpg,188868,tikvahpharma,bottle,0.3277135491371155,product_display
188868.jpg,188868,tikvahpharma,bottle,0.31428781151771545,product_display
188868.jpg,188868,tikvahpharma,bottle,0.3072517514228821,product_display
188868.jpg,188868,tikvahpharma,bottle,0.30147361755371094,product_display
188868.jpg,188868,tikvahpharma,bottle,0.2963957190513611,product_display
188868.jpg,188868,tikvahpharma,bottle,0.2871839702129364,product_display
188868.jpg,188868,tikvahpharma,bottle,0.281659871339798,product_display
188868.jpg,188868,tikvahpharma,bottle,0.2729271948337555,product_display
188875.jpg,188875,tikvahpharma,sports ball,0.7996264100074768,lifestyle
188875.jpg,188875,tikvahpharma,person,0.7289085984230042,lifestyle
188875.jpg,188875,tikvahpharma,scissors,0.46008771657943726,lifestyle
188875.jpg,188875,tikvahpharma,person,0.3023393452167511,lifestyle
188876.jpg,188876,tikvahpharma,none,0.0,other
188877.jpg,188877,tikvahpharma,scissors,0.9073540568351746,other
188877.jpg,188877,tikvahpharma,scissors,0.6267318725585938,other
188877.jpg,188877,tikvahpharma,scissors,0.5577218532562256,other
188883.jpg,188883,tikvahpharma,bottle,0.2587232291698456,product_display
188887.jpg,188887,tikvahpharma,book,0.3109806180000305,other
188887.jpg,188887,tikvahpharma,refrigerator,0.2864181101322174,other
188888.jpg,188888,tikvahpharma,none,0.0,other
188889.jpg,188889,tikvahpharma,none,0.0,other
188890.jpg,188890,tikvahpharma,book,0.29076001048088074,other
188891.jpg,188891,tikvahpharma,none,0.0,other
188901.jpg,188901,tikvahpharma,none,0.0,other
188903.jpg,188903,tikvahpharma,sports ball,0.7996264100074768,lifestyle
188903.jpg,188903,tikvahpharma,person,0.7289085984230042,lifestyle
188903.jpg,188903,tikvahpharma,scissors,0.46008771657943726,lifestyle
188903.jpg,188903,tikvahpharma,person,0.3023393452167511,lifestyle
188907.jpg,188907,tikvahpharma,sports ball,0.7996264100074768,lifestyle
188907.jpg,188907,tikvahpharma,person,0.7289085984230042,lifestyle
188907.jpg,188907,tikvahpharma,scissors,0.46008771657943726,lifestyle
188907.jpg,188907,tikvahpharma,person,0.3023393452167511,lifestyle
188914.jpg,188914,tikvahpharma,none,0.0,other
188915.jpg,188915,tikvahpharma,scissors,0.9073540568351746,other
188915.jpg,188915,tikvahpharma,scissors,0.6267318725585938,other
188915.jpg,188915,tikvahpharma,scissors,0.5577218532562256,other
188920.jpg,188920,tikvahpharma,cell phone,0.42984965443611145,lifestyle
188920.jpg,188920,tikvahpharma,person,0.25294458866119385,lifestyle
188927.jpg,188927,tikvahpharma,none,0.0,other
188931.jpg,188931,tikvahpharma,none,0.0,other
188941.jpg,188941,tikvahpharma,none,0.0,other
188942.jpg,188942,tikvahpharma,scissors,0.9073540568351746,other
188942.jpg,188942,tikvahpharma,scissors,0.6267318725585938,other
188942.jpg,188942,tikvahpharma,scissors,0.5577218532562256,other
188954.jpg,188954,tikvahpharma,sports ball,0.7996264100074768,lifestyle
188954.jpg,188954,tikvahpharma,person,0.7289085984230042,lifestyle
188954.jpg,188954,tikvahpharma,scissors,0.46008771657943726,lifestyle
188954.jpg,188954,tikvahpharma,person,0.3023393452167511,lifestyle
188962.jpg,188962,tikvahpharma,bottle,0.7155637145042419,product_display
188962.jpg,188962,tikvahpharma,bottle,0.5736801624298096,product_display
188962.jpg,188962,tikvahpharma,bottle,0.5660501718521118,product_display
188962.jpg,188962,tikvahpharma,refrigerator,0.5293634533882141,product_display
188962.jpg,188962,tikvahpharma,bottle,0.5242188572883606,product_display
188962.jpg,188962,tikvahpharma,bottle,0.5141347646713257,product_display
188962.jpg,188962,tikvahpharma,bottle,0.4459749162197113,product_display
188962.jpg,188962,tikvahpharma,bottle,0.4349454641342163,product_display
188962.jpg,188962,tikvahpharma,bottle,0.40731051564216614,product_display
188962.jpg,188962,tikvahpharma,bottle,0.4062907099723816,product_display
188962.jpg,188962,tikvahpharma,bottle,0.39240309596061707,product_display
188962.jpg,188962,tikvahpharma,bottle,0.3764137029647827,product_display
188962.jpg,188962,tikvahpharma,bottle,0.37218785285949707,product_display
188962.jpg,188962,tikvahpharma,bottle,0.32826653122901917,product_display
188962.jpg,188962,tikvahpharma,bottle,0.3277135491371155,product_display
188962.jpg,188962,tikvahpharma,bottle,0.31428781151771545,product_display
188962.jpg,188962,tikvahpharma,bottle,0.3072517514228821,product_display
188962.jpg,188962,tikvahpharma,bottle,0.30147361755371094,product_display
188962.jpg,188962,tikvahpharma,bottle,0.2963957190513611,product_display
188962.jpg,188962,tikvahpharma,bottle,0.2871839702129364,product_display
188962.jpg,188962,tikvahpharma,bottle,0.281659871339798,product_display
188962.jpg,188962,tikvahpharma,bottle,0.2729271948337555,product_display
188970.jpg,188970,tikvahpharma,person,0.7788913249969482,lifestyle
188973.jpg,188973,tikvahpharma,none,0.0,other
188975.jpg,188975,tikvahpharma,person,0.6697084903717041,lifestyle
188975.jpg,188975,tikvahpharma,person,0.5100406408309937,lifestyle
188975.jpg,188975,tikvahpharma,person,0.48528313636779785,lifestyle
188975.jpg,188975,tikvahpharma,person,0.4034230709075928,lifestyle
188975.jpg,188975,tikvahpharma,person,0.271282434463501,lifestyle
188979.jpg,188979,tikvahpharma,person,0.37465447187423706,lifestyle
188981.jpg,188981,tikvahpharma,bottle,0.40849098563194275,product_display
188981.jpg,188981,tikvahpharma,refrigerator,0.3742740750312805,product_display
188981.jpg,188981,tikvahpharma,bottle,0.3041720986366272,product_display
188981.jpg,188981,tikvahpharma,bottle,0.2887227237224579,product_display
188982.jpg,188982,tikvahpharma,bottle,0.8333333134651184,promotional
188982.jpg,188982,tikvahpharma,bottle,0.7778475284576416,promotional
188982.jpg,188982,tikvahpharma,bottle,0.7410979866981506,promotional
188982.jpg,188982,tikvahpharma,bottle,0.7006936073303223,promotional
188982.jpg,188982,tikvahpharma,bottle,0.6669280529022217,promotional
188982.jpg,188982,tikvahpharma,bottle,0.6542636156082153,promotional
188982.jpg,188982,tikvahpharma,bottle,0.6196856498718262,promotional
188982.jpg,188982,tikvahpharma,bottle,0.6128663420677185,promotional
188982.jpg,188982,tikvahpharma,bottle,0.5711869597434998,promotional
188982.jpg,188982,tikvahpharma,bottle,0.5673531293869019,promotional
188982.jpg,188982,tikvahpharma,bottle,0.5544775128364563,promotional
188982.jpg,188982,tikvahpharma,bottle,0.551551878452301,promotional
188982.jpg,188982,tikvahpharma,bottle,0.5352649688720703,promotional
188982.jpg,188982,tikvahpharma,bottle,0.49861589074134827,promotional
188982.jpg,188982,tikvahpharma,bottle,0.48079541325569153,promotional
188982.jpg,188982,tikvahpharma,bottle,0.4792715907096863,promotional
188982.jpg,188982,tikvahpharma,bottle,0.4649380147457123,promotional
188982.jpg,188982,tikvahpharma,bottle,0.4598410427570343,promotional
188982.jpg,188982,tikvahpharma,bottle,0.45653390884399414,promotional
188982.jpg,188982,tikvahpharma,bottle,0.44480472803115845,promotional
188982.jpg,188982,tikvahpharma,bottle,0.4376049339771271,promotional
188982.jpg,188982,tikvahpharma,bottle,0.43538349866867065,promotional
188982.jpg,188982,tikvahpharma,bottle,0.41300755739212036,promotional
188982.jpg,188982,tikvahpharma,bottle,0.4015940725803375,promotional
188982.jpg,188982,tikvahpharma,bottle,0.4003200829029083,promotional
188982.jpg,188982,tikvahpharma,person,0.3908695876598358,promotional
188982.jpg,188982,tikvahpharma,bottle,0.38132143020629883,promotional
188982.jpg,188982,tikvahpharma,bottle,0.3795316219329834,promotional
188982.jpg,188982,tikvahpharma,bottle,0.35517174005508423,promotional
188982.jpg,188982,tikvahpharma,bottle,0.345206618309021,promotional
188982.jpg,188982,tikvahpharma,bottle,0.3311695456504822,promotional
188982.jpg,188982,tikvahpharma,bottle,0.32895219326019287,promotional
188982.jpg,188982,tikvahpharma,bottle,0.32767683267593384,promotional
188982.jpg,188982,tikvahpharma,bottle,0.326768696308136,promotional
188982.jpg,188982,tikvahpharma,bottle,0.32583990693092346,promotional
188982.jpg,188982,tikvahpharma,bottle,0.3257535696029663,promotional
188982.jpg,188982,tikvahpharma,bottle,0.32286202907562256,promotional
188982.jpg,188982,tikvahpharma,bottle,0.3221879303455353,promotional
188982.jpg,188982,tikvahpharma,bottle,0.32202836871147156,promotional
188982.jpg,188982,tikvahpharma,bottle,0.31729117035865784,promotional
188982.jpg,188982,tikvahpharma,bottle,0.31693127751350403,promotional
188982.jpg,188982,tikvahpharma,bottle,0.3106895387172699,promotional
188982.jpg,188982,tikvahpharma,bottle,0.2978755533695221,promotional
188982.jpg,188982,tikvahpharma,bottle,0.2897031903266907,promotional
188982.jpg,188982,tikvahpharma,bottle,0.28495243191719055,promotional
188982.jpg,188982,tikvahpharma,bottle,0.2768436372280121,promotional
188982.jpg,188982,tikvahpharma,bottle,0.27035391330718994,promotional
188982.jpg,188982,tikvahpharma,person,0.26617804169654846,promotional
188982.jpg,188982,tikvahpharma,bottle,0.25983577966690063,promotional
188982.jpg,188982,tikvahpharma,bottle,0.25863218307495117,promotional
188982.jpg,188982,tikvahpharma,bottle,0.2512558102607727,promotional
188983.jpg,188983,tikvahpharma,chair,0.4274462163448334,other
188984.jpg,188984,tikvahpharma,none,0.0,other
188985.jpg,188985,tikvahpharma,refrigerator,0.9096161127090454,other
188986.jpg,188986,tikvahpharma,refrigerator,0.34113478660583496,product_display
188986.jpg,188986,tikvahpharma,bottle,0.250819593667984,product_display
188990.jpg,188990,tikvahpharma,book,0.2851199209690094,other
188991.jpg,188991,tikvahpharma,book,0.5122963190078735,other
188991.jpg,188991,tikvahpharma,book,0.5019036531448364,other
188991.jpg,188991,tikvahpharma,laptop,0.45661115646362305,other
188991.jpg,188991,tikvahpharma,book,0.31692665815353394,other
188991.jpg,188991,tikvahpharma,book,0.2848545014858246,other
188991.jpg,188991,tikvahpharma,book,0.265464723110199,other
188993.jpg,188993,tikvahpharma,bottle,0.7155637145042419,product_display
188993.jpg,188993,tikvahpharma,bottle,0.5736801624298096,product_display
188993.jpg,188993,tikvahpharma,bottle,0.5660501718521118,product_display
188993.jpg,188993,tikvahpharma,refrigerator,0.5293634533882141,product_display
188993.jpg,188993,tikvahpharma,bottle,0.5242188572883606,product_display
188993.jpg,188993,tikvahpharma,bottle,0.5141347646713257,product_display
188993.jpg,188993,tikvahpharma,bottle,0.4459749162197113,product_display
188993.jpg,188993,tikvahpharma,bottle,0.4349454641342163,product_display
188993.jpg,188993,tikvahpharma,bottle,0.40731051564216614,product_display
188993.jpg,188993,tikvahpharma,bottle,0.4062907099723816,product_display
188993.jpg,188993,tikvahpharma,bottle,0.39240309596061707,product_display
188993.jpg,188993,tikvahpharma,bottle,0.3764137029647827,product_display
188993.jpg,188993,tikvahpharma,bottle,0.37218785285949707,product_display
188993.jpg,188993,tikvahpharma,bottle,0.32826653122901917,product_display
188993.jpg,188993,tikvahpharma,bottle,0.3277135491371155,product_display
188993.jpg,188993,tikvahpharma,bottle,0.31428781151771545,product_display
188993.jpg,188993,tikvahpharma,bottle,0.3072517514228821,product_display
188993.jpg,188993,tikvahpharma,bottle,0.30147361755371094,product_display
188993.jpg,188993,tikvahpharma,bottle,0.2963957190513611,product_display
188993.jpg,188993,tikvahpharma,bottle,0.2871839702129364,product_display
188993.jpg,188993,tikvahpharma,bottle,0.281659871339798,product_display
188993.jpg,188993,tikvahpharma,bottle,0.2729271948337555,product_display
188996.jpg,188996,tikvahpharma,none,0.0,other
188997.jpg,188997,tikvahpharma,person,0.4294895529747009,lifestyle
189002.jpg,189002,tikvahpharma,person,0.8240984082221985,lifestyle
189002.jpg,189002,tikvahpharma,person,0.7669277191162109,lifestyle
189002.jpg,189002,tikvahpharma,person,0.6868153810501099,lifestyle
189002.jpg,189002,tikvahpharma,clock,0.6473548412322998,lifestyle
189003.jpg,189003,tikvahpharma,clock,0.5962027907371521,other
189007.jpg,189007,tikvahpharma,bottle,0.7155637145042419,product_display
189007.jpg,189007,tikvahpharma,bottle,0.5736801624298096,product_display
189007.jpg,189007,tikvahpharma,bottle,0.5660501718521118,product_display
189007.jpg,189007,tikvahpharma,refrigerator,0.5293634533882141,product_display
189007.jpg,189007,tikvahpharma,bottle,0.5242188572883606,product_display
189007.jpg,189007,tikvahpharma,bottle,0.5141347646713257,product_display
189007.jpg,189007,tikvahpharma,bottle,0.4459749162197113,product_display
189007.jpg,189007,tikvahpharma,bottle,0.4349454641342163,product_display
189007.jpg,189007,tikvahpharma,bottle,0.40731051564216614,product_display
189007.jpg,189007,tikvahpharma,bottle,0.4062907099723816,product_display
189007.jpg,189007,tikvahpharma,bottle,0.39240309596061707,product_display
189007.jpg,189007,tikvahpharma,bottle,0.3764137029647827,product_display
189007.jpg,189007,tikvahpharma,bottle,0.37218785285949707,product_display
189007.jpg,189007,tikvahpharma,bottle,0.32826653122901917,product_display
189007.jpg,189007,tikvahpharma,bottle,0.3277135491371155,product_display
189007.jpg,189007,tikvahpharma,bottle,0.31428781151771545,product_display
189007.jpg,189007,tikvahpharma,bottle,0.3072517514228821,product_display
189007.jpg,189007,tikvahpharma,bottle,0.30147361755371094,product_display
189007.jpg,189007,tikvahpharma,bottle,0.2963957190513611,product_display
189007.jpg,189007,tikvahpharma,bottle,0.2871839702129364,product_display
189007.jpg,189007,tikvahpharma,bottle,0.281659871339798,product_display
189007.jpg,189007,tikvahpharma,bottle,0.2729271948337555,product_display
189010.jpg,189010,tikvahpharma,person,0.4294895529747009,lifestyle
189011.jpg,189011,tikvahpharma,chair,0.8901025056838989,lifestyle
189011.jpg,189011,tikvahpharma,person,0.8611937165260315,lifestyle
189011.jpg,189011,tikvahpharma,person,0.8490027189254761,lifestyle
189011.jpg,189011,tikvahpharma,keyboard,0.7714895606040955,lifestyle
189011.jpg,189011,tikvahpharma,cup,0.7606678009033203,lifestyle
189011.jpg,189011,tikvahpharma,person,0.7362159490585327,lifestyle
189011.jpg,189011,tikvahpharma,person,0.7264657616615295,lifestyle
189011.jpg,189011,tikvahpharma,tv,0.7125741243362427,lifestyle
189011.jpg,189011,tikvahpharma,mouse,0.6544210910797119,lifestyle
189011.jpg,189011,tikvahpharma,laptop,0.5155059695243835,lifestyle
189011.jpg,189011,tikvahpharma,remote,0.4023229777812958,lifestyle
189011.jpg,189011,tikvahpharma,tv,0.29061779379844666,lifestyle
189011.jpg,189011,tikvahpharma,remote,0.2564447820186615,lifestyle
189012.jpg,189012,tikvahpharma,person,0.835442066192627,lifestyle
189012.jpg,189012,tikvahpharma,person,0.8084022402763367,lifestyle
189012.jpg,189012,tikvahpharma,person,0.7867550253868103,lifestyle
189012.jpg,189012,tikvahpharma,person,0.7531130909919739,lifestyle
189012.jpg,189012,tikvahpharma,person,0.7296732068061829,lifestyle
189012.jpg,189012,tikvahpharma,person,0.7215357422828674,lifestyle
189012.jpg,189012,tikvahpharma,person,0.716711163520813,lifestyle
189012.jpg,189012,tikvahpharma,person,0.6931757926940918,lifestyle
189012.jpg,189012,tikvahpharma,person,0.6759045124053955,lifestyle
189012.jpg,189012,tikvahpharma,person,0.6072873473167419,lifestyle
189012.jpg,189012,tikvahpharma,person,0.5692203044891357,lifestyle
189012.jpg,189012,tikvahpharma,person,0.549380362033844,lifestyle
189012.jpg,189012,tikvahpharma,person,0.4830361604690552,lifestyle
189012.jpg,189012,tikvahpharma,person,0.4443501830101013,lifestyle
189012.jpg,189012,tikvahpharma,person,0.33510345220565796,lifestyle
189012.jpg,189012,tikvahpharma,person,0.307595819234848,lifestyle
189013.jpg,189013,tikvahpharma,person,0.9043031334877014,lifestyle
189013.jpg,189013,tikvahpharma,person,0.8694290518760681,lifestyle
189013.jpg,189013,tikvahpharma,person,0.8672880530357361,lifestyle
189013.jpg,189013,tikvahpharma,person,0.8557617664337158,lifestyle
189013.jpg,189013,tikvahpharma,person,0.813008725643158,lifestyle
189013.jpg,189013,tikvahpharma,person,0.7844237089157104,lifestyle
189013.jpg,189013,tikvahpharma,person,0.7647286057472229,lifestyle
189013.jpg,189013,tikvahpharma,person,0.7156871557235718,lifestyle
189013.jpg,189013,tikvahpharma,person,0.6814693808555603,lifestyle
189013.jpg,189013,tikvahpharma,tennis racket,0.3743755519390106,lifestyle
189013.jpg,189013,tikvahpharma,tennis racket,0.30457359552383423,lifestyle
189013.jpg,189013,tikvahpharma,person,0.2683148980140686,lifestyle
189014.jpg,189014,tikvahpharma,person,0.8708752989768982,lifestyle
189014.jpg,189014,tikvahpharma,person,0.8453980684280396,lifestyle
189014.jpg,189014,tikvahpharma,person,0.8384603261947632,lifestyle
189014.jpg,189014,tikvahpharma,person,0.7887064814567566,lifestyle
189014.jpg,189014,tikvahpharma,person,0.7703569531440735,lifestyle
189014.jpg,189014,tikvahpharma,person,0.744337797164917,lifestyle
189014.jpg,189014,tikvahpharma,person,0.7110412120819092,lifestyle
189014.jpg,189014,tikvahpharma,handbag,0.6610997915267944,lifestyle
189014.jpg,189014,tikvahpharma,person,0.6463935375213623,lifestyle
189014.jpg,189014,tikvahpharma,person,0.6220576763153076,lifestyle
189014.jpg,189014,tikvahpharma,person,0.610025942325592,lifestyle
189014.jpg,189014,tikvahpharma,person,0.5885427594184875,lifestyle
189014.jpg,189014,tikvahpharma,person,0.5448482632637024,lifestyle
189014.jpg,189014,tikvahpharma,book,0.32399052381515503,lifestyle
189014.jpg,189014,tikvahpharma,person,0.2998003363609314,lifestyle
189014.jpg,189014,tikvahpharma,handbag,0.29920658469200134,lifestyle
189014.jpg,189014,tikvahpharma,handbag,0.2870049774646759,lifestyle
189014.jpg,189014,tikvahpharma,book,0.2614286541938782,lifestyle
189015.jpg,189015,tikvahpharma,person,0.8516660928726196,lifestyle
189015.jpg,189015,tikvahpharma,person,0.8322119116783142,lifestyle
189015.jpg,189015,tikvahpharma,person,0.8317616581916809,lifestyle
189015.jpg,189015,tikvahpharma,person,0.8005756139755249,lifestyle
189015.jpg,189015,tikvahpharma,person,0.7608386278152466,lifestyle
189015.jpg,189015,tikvahpharma,person,0.7451945543289185,lifestyle
189015.jpg,189015,tikvahpharma,person,0.7163183093070984,lifestyle
189015.jpg,189015,tikvahpharma,person,0.6796427369117737,lifestyle
189015.jpg,189015,tikvahpharma,person,0.6785175204277039,lifestyle
189015.jpg,189015,tikvahpharma,person,0.6679816246032715,lifestyle
189015.jpg,189015,tikvahpharma,person,0.6201685070991516,lifestyle
189015.jpg,189015,tikvahpharma,person,0.6142056584358215,lifestyle
189015.jpg,189015,tikvahpharma,person,0.5342717170715332,lifestyle
189015.jpg,189015,tikvahpharma,person,0.5025410652160645,lifestyle
189015.jpg,189015,tikvahpharma,person,0.4366084933280945,lifestyle
189016.jpg,189016,tikvahpharma,person,0.9118748903274536,lifestyle
189016.jpg,189016,tikvahpharma,person,0.8959901928901672,lifestyle
189016.jpg,189016,tikvahpharma,person,0.8940274119377136,lifestyle
189016.jpg,189016,tikvahpharma,person,0.8843461871147156,lifestyle
189016.jpg,189016,tikvahpharma,person,0.876663327217102,lifestyle
189016.jpg,189016,tikvahpharma,person,0.8610676527023315,lifestyle
189016.jpg,189016,tikvahpharma,person,0.8439857959747314,lifestyle
189016.jpg,189016,tikvahpharma,person,0.8169718980789185,lifestyle
189016.jpg,189016,tikvahpharma,person,0.7387259006500244,lifestyle
189017.jpg,189017,tikvahpharma,person,0.8632500171661377,lifestyle
189017.jpg,189017,tikvahpharma,person,0.8368319869041443,lifestyle
189017.jpg,189017,tikvahpharma,person,0.8057901263237,lifestyle
189017.jpg,189017,tikvahpharma,tv,0.7448293566703796,lifestyle
189017.jpg,189017,tikvahpharma,remote,0.3879763185977936,lifestyle
189017.jpg,189017,tikvahpharma,chair,0.28175175189971924,lifestyle
189018.jpg,189018,tikvahpharma,person,0.8415619730949402,lifestyle
189018.jpg,189018,tikvahpharma,person,0.8094692230224609,lifestyle
189018.jpg,189018,tikvahpharma,person,0.791493833065033,lifestyle
189018.jpg,189018,tikvahpharma,person,0.7610770463943481,lifestyle
189018.jpg,189018,tikvahpharma,person,0.7375534772872925,lifestyle
189019.jpg,189019,tikvahpharma,person,0.9120907187461853,lifestyle
189019.jpg,189019,tikvahpharma,person,0.8492980599403381,lifestyle
189019.jpg,189019,tikvahpharma,person,0.841874897480011,lifestyle
189019.jpg,189019,tikvahpharma,person,0.5818970799446106,lifestyle
189019.jpg,189019,tikvahpharma,person,0.40021994709968567,lifestyle
189019.jpg,189019,tikvahpharma,teddy bear,0.3534304201602936,lifestyle
189020.jpg,189020,tikvahpharma,person,0.9248760342597961,lifestyle
189020.jpg,189020,tikvahpharma,person,0.8379266858100891,lifestyle
189020.jpg,189020,tikvahpharma,person,0.8015181422233582,lifestyle
189020.jpg,189020,tikvahpharma,person,0.7969396710395813,lifestyle
189020.jpg,189020,tikvahpharma,potted plant,0.6292650103569031,lifestyle
189020.jpg,189020,tikvahpharma,person,0.5979874730110168,lifestyle
189020.jpg,189020,tikvahpharma,cell phone,0.4953276813030243,lifestyle
189020.jpg,189020,tikvahpharma,person,0.42713087797164917,lifestyle
189020.jpg,189020,tikvahpharma,person,0.4265735447406769,lifestyle
189020.jpg,189020,tikvahpharma,person,0.422649085521698,lifestyle
189020.jpg,189020,tikvahpharma,person,0.42146632075309753,lifestyle
189020.jpg,189020,tikvahpharma,person,0.4173513352870941,lifestyle
189020.jpg,189020,tikvahpharma,person,0.40682536363601685,lifestyle
189020.jpg,189020,tikvahpharma,cake,0.4027175307273865,lifestyle
189020.jpg,189020,tikvahpharma,person,0.39222410321235657,lifestyle
189020.jpg,189020,tikvahpharma,person,0.3519655168056488,lifestyle
189020.jpg,189020,tikvahpharma,person,0.3026922047138214,lifestyle
